IP,Status,Time
10.0.0.1,down,2025-06-15 20:50:32.472115
10.0.0.2,down,2025-06-15 20:50:32.472992
10.0.0.3,down,2025-06-15 20:50:32.473744
10.0.0.4,down,2025-06-15 20:50:32.474529
10.0.0.5,down,2025-06-15 20:50:32.475241
10.0.0.6,down,2025-06-15 20:50:32.475846
10.0.0.7,down,2025-06-15 20:50:32.476463
10.0.0.8,down,2025-06-15 20:50:32.477153
10.0.0.9,down,2025-06-15 20:50:32.477817
10.0.0.10,down,2025-06-15 20:50:32.478552
10.0.0.11,down,2025-06-15 20:50:32.479189
10.0.0.12,down,2025-06-15 20:50:32.479795
10.0.0.13,down,2025-06-15 20:50:32.480363
10.0.0.14,down,2025-06-15 20:50:32.480950
10.0.0.15,down,2025-06-15 20:50:32.481576
10.0.0.16,down,2025-06-15 20:50:32.482304
10.0.0.17,down,2025-06-15 20:50:32.482969
10.0.0.18,down,2025-06-15 20:50:32.483556
10.0.0.19,down,2025-06-15 20:50:32.484166
10.0.0.20,down,2025-06-15 20:50:32.484696
10.0.0.21,down,2025-06-15 20:50:32.485357
10.0.0.22,down,2025-06-15 20:50:32.486006
10.0.0.23,down,2025-06-15 20:50:32.486583
10.0.0.24,down,2025-06-15 20:50:32.487147
10.0.0.25,down,2025-06-15 20:50:32.487753
10.0.0.26,down,2025-06-15 20:50:32.488321
10.0.0.27,down,2025-06-15 20:50:32.488881
10.0.0.28,down,2025-06-15 20:50:32.489447
10.0.0.29,down,2025-06-15 20:50:32.490030
10.0.0.30,down,2025-06-15 20:50:32.490620
10.0.0.31,down,2025-06-15 20:50:32.491163
10.0.0.32,down,2025-06-15 20:50:32.491757
10.0.0.33,down,2025-06-15 20:50:32.492309
10.0.0.34,down,2025-06-15 20:50:32.492861
10.0.0.35,down,2025-06-15 20:50:32.493413
10.0.0.36,down,2025-06-15 20:50:32.493954
10.0.0.37,down,2025-06-15 20:50:32.494486
10.0.0.38,down,2025-06-15 20:50:32.495008
10.0.0.39,down,2025-06-15 20:50:32.495613
10.0.0.40,down,2025-06-15 20:50:32.496140
10.0.0.41,down,2025-06-15 20:50:32.496660
10.0.0.42,down,2025-06-15 20:50:32.497325
10.0.0.43,down,2025-06-15 20:50:32.497851
10.0.0.44,down,2025-06-15 20:50:32.498382
10.0.0.45,down,2025-06-15 20:50:32.498880
10.0.0.46,down,2025-06-15 20:50:32.499425
10.0.0.47,down,2025-06-15 20:50:32.499937
10.0.0.48,down,2025-06-15 20:50:32.500423
10.0.0.49,down,2025-06-15 20:50:32.500957
10.0.0.50,down,2025-06-15 20:50:32.501483
10.0.0.51,down,2025-06-15 20:50:32.501995
10.0.0.52,down,2025-06-15 20:50:32.502500
10.0.0.53,down,2025-06-15 20:50:32.502947
10.0.0.54,down,2025-06-15 20:50:32.503449
10.0.0.55,down,2025-06-15 20:50:32.503934
10.0.0.56,down,2025-06-15 20:50:32.504375
10.0.0.57,down,2025-06-15 20:50:32.504811
10.0.0.58,down,2025-06-15 20:50:32.505397
10.0.0.59,down,2025-06-15 20:50:32.505955
10.0.0.60,down,2025-06-15 20:50:32.506491
10.0.0.61,down,2025-06-15 20:50:32.506986
10.0.0.62,down,2025-06-15 20:50:32.507515
10.0.0.63,down,2025-06-15 20:50:32.507999
10.0.0.64,down,2025-06-15 20:50:32.508450
10.0.0.65,down,2025-06-15 20:50:32.508886
10.0.0.66,down,2025-06-15 20:50:32.509418
10.0.0.67,down,2025-06-15 20:50:32.509943
10.0.0.68,down,2025-06-15 20:50:32.510430
10.0.0.69,down,2025-06-15 20:50:32.510895
10.0.0.70,down,2025-06-15 20:50:32.511414
10.0.0.71,down,2025-06-15 20:50:32.511887
10.0.0.72,down,2025-06-15 20:50:32.512316
10.0.0.73,down,2025-06-15 20:50:32.512727
10.0.0.74,down,2025-06-15 20:50:32.513197
10.0.0.75,down,2025-06-15 20:50:32.513684
10.0.0.76,down,2025-06-15 20:50:32.514137
10.0.0.77,down,2025-06-15 20:50:32.514612
10.0.0.78,down,2025-06-15 20:50:32.515090
10.0.0.79,down,2025-06-15 20:50:32.515528
10.0.0.80,down,2025-06-15 20:50:32.515962
10.0.0.81,down,2025-06-15 20:50:32.516397
10.0.0.82,down,2025-06-15 20:50:32.516800
10.0.0.83,down,2025-06-15 20:50:32.517316
10.0.0.84,down,2025-06-15 20:50:32.517819
10.0.0.85,down,2025-06-15 20:50:32.518286
10.0.0.86,down,2025-06-15 20:50:32.518778
10.0.0.87,down,2025-06-15 20:50:32.519288
10.0.0.88,down,2025-06-15 20:50:32.519765
10.0.0.89,down,2025-06-15 20:50:32.520168
10.0.0.90,down,2025-06-15 20:50:32.520615
10.0.0.91,down,2025-06-15 20:50:32.521169
10.0.0.92,down,2025-06-15 20:50:32.521698
10.0.0.93,down,2025-06-15 20:50:32.522189
10.0.0.94,down,2025-06-15 20:50:32.522719
10.0.0.95,down,2025-06-15 20:50:32.523254
10.0.0.96,down,2025-06-15 20:50:32.523737
10.0.0.97,down,2025-06-15 20:50:32.524193
10.0.0.98,down,2025-06-15 20:50:32.524629
10.0.0.99,down,2025-06-15 20:50:32.525455
10.0.0.100,down,2025-06-15 20:50:32.525982
10.0.0.101,down,2025-06-15 20:50:32.526450
10.0.0.102,down,2025-06-15 20:50:32.526900
10.0.0.103,down,2025-06-15 20:50:32.527417
10.0.0.104,down,2025-06-15 20:50:32.527876
10.0.0.105,down,2025-06-15 20:50:32.528280
10.0.0.106,down,2025-06-15 20:50:32.528696
10.0.0.107,down,2025-06-15 20:50:32.529233
10.0.0.108,down,2025-06-15 20:50:32.529742
10.0.0.109,down,2025-06-15 20:50:32.530228
10.0.0.110,down,2025-06-15 20:50:32.530715
10.0.0.111,down,2025-06-15 20:50:32.531202
10.0.0.112,down,2025-06-15 20:50:32.531642
10.0.0.113,down,2025-06-15 20:50:32.532056
10.0.0.114,down,2025-06-15 20:50:32.532454
10.0.0.115,down,2025-06-15 20:50:32.532880
10.0.0.116,down,2025-06-15 20:50:32.533396
10.0.0.117,down,2025-06-15 20:50:32.533862
10.0.0.118,down,2025-06-15 20:50:32.534297
10.0.0.119,down,2025-06-15 20:50:32.534752
10.0.0.120,down,2025-06-15 20:50:32.535232
10.0.0.121,down,2025-06-15 20:50:32.535675
10.0.0.122,down,2025-06-15 20:50:32.536093
10.0.0.123,down,2025-06-15 20:50:32.536512
10.0.0.124,down,2025-06-15 20:50:32.536995
10.0.0.125,down,2025-06-15 20:50:32.537524
10.0.0.126,down,2025-06-15 20:50:32.537992
10.0.0.127,down,2025-06-15 20:50:32.538444
10.0.0.128,down,2025-06-15 20:50:32.538895
10.0.0.129,down,2025-06-15 20:50:32.539375
10.0.0.130,down,2025-06-15 20:50:32.539841
10.0.0.131,down,2025-06-15 20:50:32.540271
10.0.0.132,down,2025-06-15 20:50:32.540701
10.0.0.133,down,2025-06-15 20:50:32.541261
10.0.0.134,down,2025-06-15 20:50:32.541726
10.0.0.135,down,2025-06-15 20:50:32.542162
10.0.0.136,down,2025-06-15 20:50:32.542603
10.0.0.137,down,2025-06-15 20:50:32.543089
10.0.0.138,down,2025-06-15 20:50:32.543534
10.0.0.139,down,2025-06-15 20:50:32.543981
10.0.0.140,down,2025-06-15 20:50:32.544418
10.0.0.141,down,2025-06-15 20:50:32.544863
10.0.0.142,down,2025-06-15 20:50:32.545357
10.0.0.143,down,2025-06-15 20:50:32.545825
10.0.0.144,down,2025-06-15 20:50:32.546263
10.0.0.145,down,2025-06-15 20:50:32.546713
10.0.0.146,down,2025-06-15 20:50:32.547226
10.0.0.147,down,2025-06-15 20:50:32.547681
10.0.0.148,down,2025-06-15 20:50:32.548113
10.0.0.149,down,2025-06-15 20:50:32.548547
10.0.0.150,down,2025-06-15 20:50:32.549356
10.0.0.151,down,2025-06-15 20:50:32.549827
10.0.0.152,down,2025-06-15 20:50:32.550268
10.0.0.153,down,2025-06-15 20:50:32.550724
10.0.0.154,down,2025-06-15 20:50:32.551222
10.0.0.155,down,2025-06-15 20:50:32.551657
10.0.0.156,down,2025-06-15 20:50:32.552057
10.0.0.157,down,2025-06-15 20:50:32.552451
10.0.0.158,down,2025-06-15 20:50:32.552879
10.0.0.159,down,2025-06-15 20:50:32.553390
10.0.0.160,down,2025-06-15 20:50:32.553838
10.0.0.161,down,2025-06-15 20:50:32.554268
10.0.0.162,down,2025-06-15 20:50:32.554699
10.0.0.163,down,2025-06-15 20:50:32.555170
10.0.0.164,down,2025-06-15 20:50:32.555619
10.0.0.165,down,2025-06-15 20:50:32.556073
10.0.0.166,down,2025-06-15 20:50:32.556509
10.0.0.167,down,2025-06-15 20:50:32.556975
10.0.0.168,down,2025-06-15 20:50:32.557453
10.0.0.169,down,2025-06-15 20:50:32.557912
10.0.0.170,down,2025-06-15 20:50:32.558352
10.0.0.171,down,2025-06-15 20:50:32.558804
10.0.0.172,down,2025-06-15 20:50:32.559228
10.0.0.173,down,2025-06-15 20:50:32.559677
10.0.0.174,down,2025-06-15 20:50:32.560084
10.0.0.175,down,2025-06-15 20:50:32.560548
10.0.0.176,down,2025-06-15 20:50:32.561081
10.0.0.177,down,2025-06-15 20:50:32.561542
10.0.0.178,down,2025-06-15 20:50:32.561988
10.0.0.179,down,2025-06-15 20:50:32.562438
10.0.0.180,down,2025-06-15 20:50:32.562864
10.0.0.181,down,2025-06-15 20:50:32.563286
10.0.0.182,down,2025-06-15 20:50:32.563748
10.0.0.183,down,2025-06-15 20:50:32.564196
10.0.0.184,down,2025-06-15 20:50:32.564638
10.0.0.185,down,2025-06-15 20:50:32.565129
10.0.0.186,down,2025-06-15 20:50:32.565598
10.0.0.187,down,2025-06-15 20:50:32.566038
10.0.0.188,down,2025-06-15 20:50:32.566458
10.0.0.189,down,2025-06-15 20:50:32.566877
10.0.0.190,down,2025-06-15 20:50:32.567357
10.0.0.191,down,2025-06-15 20:50:32.567789
10.0.0.192,down,2025-06-15 20:50:32.568184
10.0.0.193,down,2025-06-15 20:50:32.568581
10.0.0.194,down,2025-06-15 20:50:32.569120
10.0.0.195,down,2025-06-15 20:50:32.569584
10.0.0.196,down,2025-06-15 20:50:32.570041
10.0.0.197,down,2025-06-15 20:50:32.570480
10.0.0.198,down,2025-06-15 20:50:32.570900
10.0.0.199,down,2025-06-15 20:50:32.571389
10.0.0.200,down,2025-06-15 20:50:32.571890
10.0.0.201,down,2025-06-15 20:50:32.572309
10.0.0.202,down,2025-06-15 20:50:32.572716
10.0.0.203,down,2025-06-15 20:50:32.573227
10.0.0.204,down,2025-06-15 20:50:32.573694
10.0.0.205,down,2025-06-15 20:50:32.574147
10.0.0.206,down,2025-06-15 20:50:32.574609
10.0.0.207,down,2025-06-15 20:50:32.575062
10.0.0.208,down,2025-06-15 20:50:32.575532
10.0.0.209,down,2025-06-15 20:50:32.575949
10.0.0.210,down,2025-06-15 20:50:32.576399
10.0.0.211,down,2025-06-15 20:50:32.576823
10.0.0.212,down,2025-06-15 20:50:32.577328
10.0.0.213,down,2025-06-15 20:50:32.577810
10.0.0.214,down,2025-06-15 20:50:32.578270
10.0.0.215,down,2025-06-15 20:50:32.578745
10.0.0.216,down,2025-06-15 20:50:32.579254
10.0.0.217,down,2025-06-15 20:50:32.579709
10.0.0.218,down,2025-06-15 20:50:32.580168
10.0.0.219,down,2025-06-15 20:50:32.580583
10.0.0.220,down,2025-06-15 20:50:32.581086
10.0.0.221,down,2025-06-15 20:50:32.581579
10.0.0.222,down,2025-06-15 20:50:32.582041
10.0.0.223,down,2025-06-15 20:50:32.582476
10.0.0.224,down,2025-06-15 20:50:32.582910
10.0.0.225,down,2025-06-15 20:50:32.583400
10.0.0.226,down,2025-06-15 20:50:32.583837
10.0.0.227,down,2025-06-15 20:50:32.584262
10.0.0.228,down,2025-06-15 20:50:32.584698
10.0.0.229,down,2025-06-15 20:50:32.585203
10.0.0.230,down,2025-06-15 20:50:32.585663
10.0.0.231,down,2025-06-15 20:50:32.586109
10.0.0.232,down,2025-06-15 20:50:32.586574
10.0.0.233,down,2025-06-15 20:50:32.587045
10.0.0.234,down,2025-06-15 20:50:32.587479
10.0.0.235,down,2025-06-15 20:50:32.587889
10.0.0.236,down,2025-06-15 20:50:32.588331
10.0.0.237,down,2025-06-15 20:50:32.588754
10.0.0.238,down,2025-06-15 20:50:32.589246
10.0.0.239,down,2025-06-15 20:50:32.589732
10.0.0.240,down,2025-06-15 20:50:32.590191
10.0.0.241,down,2025-06-15 20:50:32.590649
10.0.0.242,down,2025-06-15 20:50:32.591145
10.0.0.243,down,2025-06-15 20:50:32.591609
10.0.0.244,down,2025-06-15 20:50:32.592035
10.0.0.245,down,2025-06-15 20:50:32.592462
10.0.0.246,down,2025-06-15 20:50:32.593015
10.0.0.247,down,2025-06-15 20:50:32.593514
10.0.0.248,down,2025-06-15 20:50:32.593964
10.0.0.249,down,2025-06-15 20:50:32.594393
10.0.0.250,down,2025-06-15 20:50:32.594818
10.0.0.251,down,2025-06-15 20:50:32.595282
10.0.0.252,down,2025-06-15 20:50:32.595748
10.0.0.253,down,2025-06-15 20:50:32.596173
10.0.0.254,down,2025-06-15 20:50:32.596617
